Vendor id,expedia,Expedia Status
FR-00055-47,109687861,Stop Sold
FR-00055-48,109695986,Stop Sold
FR-00055-49,109684921,Stop Sold
FR-00055-50,109680667,Stop Sold
FR-00055-51,109681313,Stop Sold
FR-00055-52,109684390,Stop Sold
FR-00055-53,109680307,Stop Sold
FR-00055-54,109680476,Stop Sold
FR-00055-55,109681397,Stop Sold
FR-06150-26,110135881,Stop Sold
FR-06160-38,110134047,Stop Sold
FR-06160-39,110134638,Stop Sold
FR-06160-40,110133958,Stop Sold
FR-06160-41,110135865,Stop Sold
FR-06160-42,110134336,Stop Sold
FR-06160-43,110134371,Stop Sold
FR-06160-44,110134500,Stop Sold
FR-06160-45,110135782,Stop Sold
FR-06160-46,110135805,Stop Sold
FR-06160-47,110134126,Stop Sold
FR-06160-48,110134014,Stop Sold
FR-06210-61,110134083,Stop Sold
FR-06230-08,110134487,Stop Sold
FR-06230-09,110134417,Stop Sold
FR-06250-43,110135804,Stop Sold
FR-06300-26,110134080,Stop Sold
FR-06400-101,109910214,Stop Sold
FR-06400-103,110144804,Stop Sold
FR-06400-112,109679698,Stop Sold
FR-06400-113,109675286,Stop Sold
FR-06400-114,109674255,Stop Sold
FR-06400-115,109911633,Stop Sold
FR-06400-116,109680222,Stop Sold
FR-06400-117,109679939,Stop Sold
FR-06400-118,110134276,Stop Sold
FR-06400-119,110134004,Stop Sold
FR-06400-120,110134003,Stop Sold
FR-06400-121,110134369,Stop Sold
FR-06400-122,110135942,Stop Sold
FR-06400-123,110134482,Stop Sold
FR-06400-124,110134125,Stop Sold
FR-06400-125,110134419,Stop Sold
FR-06400-126,110135830,Stop Sold
FR-06400-127,110134497,Stop Sold
FR-06400-128,110136407,Stop Sold
FR-06400-129,110134127,Stop Sold
FR-06400-130,110134358,Stop Sold
FR-06400-132,110134337,Stop Sold
FR-06400-133,110134488,Stop Sold
FR-06400-134,110135950,Stop Sold
FR-06400-135,110134374,Stop Sold
FR-06400-136,110134153,Stop Sold
FR-06400-137,110134079,Stop Sold
FR-06400-138,110136468,Stop Sold
FR-06400-139,110134755,Stop Sold
FR-06400-140,110134389,Stop Sold
FR-06400-141,110134197,Stop Sold
FR-06400-142,110149325,Stop Sold
FR-06400-144,110134442,Stop Sold
FR-06400-145,110134198,Stop Sold
FR-06400-146,110135866,Stop Sold
FR-06400-147,110134199,Stop Sold
FR-06400-148,110134555,Stop Sold
FR-06400-149,110135845,Stop Sold
FR-06400-150,110135902,Stop Sold
FR-06400-151,110134486,Stop Sold
FR-06400-152,110135868,Stop Sold
FR-06400-153,110134245,Stop Sold
FR-06400-154,110134388,Stop Sold
FR-06400-155,110136818,Stop Sold
FR-06400-156,110134554,Stop Sold
FR-06400-157,110135909,Stop Sold
FR-06400-159,110135906,Stop Sold
FR-06400-160,110134219,Stop Sold
FR-06400-162,110136778,Stop Sold
FR-06400-163,110134312,Stop Sold
FR-06400-164,110136467,Stop Sold
FR-06400-165,110134443,Stop Sold
FR-06400-166,110137264,Stop Sold
FR-06400-169,110134637,Stop Sold
FR-06400-170,110134216,Stop Sold
FR-06400-172,110135949,Stop Sold
FR-06400-173,110135938,Stop Sold
FR-06400-174,110135826,Stop Sold
FR-06400-175,110134370,Stop Sold
FR-06400-176,110135882,Stop Sold
FR-06400-178,110135930,Stop Sold
FR-06400-179,110134314,Stop Sold
FR-06400-180,110134290,Stop Sold
FR-06400-181,110134277,Stop Sold
FR-06400-183,110134373,Stop Sold
FR-06400-184,110134498,Stop Sold
FR-06400-185,110134557,Stop Sold
FR-06400-186,110135864,Stop Sold
FR-06400-187,110135972,Stop Sold
FR-06400-191,110135905,Stop Sold
FR-06400-192,110135896,Stop Sold
FR-06400-194,110134440,Stop Sold
FR-06400-195,110135863,Stop Sold
FR-06400-196,110135961,Stop Sold
FR-06400-197,110134441,Stop Sold
FR-06400-198,110135844,Stop Sold
FR-06400-199,110134387,Stop Sold
FR-06400-200,110137245,Stop Sold
FR-06400-202,110135889,Stop Sold
FR-06400-203,110134372,Stop Sold
FR-06400-204,110134754,Stop Sold
FR-06400-205,110136867,Stop Sold
FR-06400-206,110134390,Stop Sold
FR-06400-207,110135760,Stop Sold
FR-06400-208,110134499,Stop Sold
FR-06400-209,110135975,Stop Sold
FR-06400-210,110137467,Stop Sold
FR-06400-211,110135878,Stop Sold
FR-06400-212,110135828,Stop Sold
FR-06400-213,110136451,Stop Sold
FR-06400-214,110135781,Stop Sold
FR-06400-215,110134386,Stop Sold
FR-06400-216,110135780,Stop Sold
FR-06400-217,110137915,Stop Sold
FR-06400-218,110137562,Stop Sold
FR-06400-219,110134558,Stop Sold
FR-06400-97,109691214,Stop Sold
FR-06400-98,109681007,Stop Sold
FR-06600-24,110137466,Stop Sold
FR-06600-25,110134418,Stop Sold
FR-06600-26,110137682,Stop Sold
FR-13001-08,109680668,Stop Sold
FR-13001-09,109648927,Stop Sold
FR-13001-10,110135802,Stop Sold
FR-13002-04,109691216,Stop Sold
FR-13002-05,109695942,Stop Sold
FR-13006-02,109680759,Stop Sold
FR-13006-03,109679767,Stop Sold
FR-13006-04,109684554,Stop Sold
FR-13006-06,110136318,Stop Sold
FR-13008-07,110135968,Stop Sold
FR-13008-08,110135947,Stop Sold
FR-14113-02,109688527,Stop Sold
FR-14113-03,109685217,Stop Sold
FR-14113-04,109675394,Stop Sold
FR-14113-05,109674872,Stop Sold
FR-14113-07,109695634,Stop Sold
FR-14113-08,109695388,Stop Sold
FR-14360-07,110137212,Stop Sold
FR-14360-08,110135910,Stop Sold
FR-14360-09,110135874,Stop Sold
FR-14360-10,110135958,Stop Sold
FR-14360-11,110135946,Stop Sold
FR-14360-13,110135941,Stop Sold
FR-14360-14,110135869,Stop Sold
FR-14600-24,109684592,Stop Sold
FR-14800-29,109688985,Stop Sold
FR-14800-30,109914191,Stop Sold
FR-14800-31,109695983,Stop Sold
FR-14800-32,109681396,Stop Sold
FR-14800-33,109685891,Stop Sold
FR-14800-34,109690859,Stop Sold
FR-14800-35,109690317,Stop Sold
FR-14800-36,109689821,Stop Sold
FR-14800-37,109690860,Stop Sold
FR-14800-38,109695576,Stop Sold
FR-14800-39,109685675,Stop Sold
FR-14800-40,110134416,Stop Sold
FR-14800-41,110135940,Stop Sold
FR-14800-42,110136249,Stop Sold
FR-14800-43,110134496,Stop Sold
FR-14800-44,110137943,Stop Sold
FR-14800-45,110135893,Stop Sold
FR-14800-47,110135886,Stop Sold
FR-14800-48,110137914,Stop Sold
FR-14800-50,110137263,Stop Sold
FR-14800-51,110135806,Stop Sold
FR-14910-06,110135803,Stop Sold
FR-33000-28,110134495,Stop Sold
FR-33000-29,110135827,Stop Sold
FR-33000-30,110135888,Stop Sold
FR-33000-31,110137683,Stop Sold
FR-33000-32,110134757,Stop Sold
FR-33000-33,110135783,Stop Sold
FR-33000-34,110137616,Stop Sold
FR-33000-35,110135875,Stop Sold
FR-33000-36,110135956,Stop Sold
FR-33000-37,110137247,Stop Sold
FR-33000-38,110135876,Stop Sold
FR-74120-56,109679733,Stop Sold
FR-74120-58,109684595,Stop Sold
FR-74120-59,110135932,Stop Sold
FR-74120-60,110137156,Stop Sold
FR-74120-61,110137361,Stop Sold
FR-74120-62,110135964,Stop Sold
FR-74120-63,110135877,Stop Sold
FR-74120-64,110135969,Stop Sold
FR-74700-08,110136911,Stop Sold
FR-75001-13,109680384,Stop Sold
FR-75001-14,109679697,Stop Sold
FR-75001-15,109679998,Stop Sold
FR-75001-16,109674569,Stop Sold
FR-75001-17,109679935,Stop Sold
FR-75001-20,110136187,Stop Sold
FR-75001-21,110135867,Stop Sold
FR-75001-23,110135897,Stop Sold
FR-75001-24,110135925,Stop Sold
FR-75001-25,110135900,Stop Sold
FR-75001-28,110135891,Stop Sold
FR-75001-29,110135784,Stop Sold
FR-75001-30,110138000,Stop Sold
FR-75001-31,110137525,Stop Sold
FR-75001-35,110136686,Stop Sold
FR-75001-36,110135831,Stop Sold
FR-75001-37,110135948,Stop Sold
FR-75001-38,110135979,Stop Sold
FR-75001-39,110135843,Stop Sold
FR-75001-41,110136449,Stop Sold
FR-75001-43,110135904,Stop Sold
FR-75001-44,110137211,Stop Sold
FR-75001-45,110136559,Stop Sold
FR-75001-46,110135933,Stop Sold
FR-75002-100,110149477,Stop Sold
FR-75002-101,110135911,Stop Sold
FR-75002-103,110135899,Stop Sold
FR-75002-104,110135894,Stop Sold
FR-75002-106,110135892,Stop Sold
FR-75002-107,110135862,Stop Sold
FR-75002-108,110137429,Stop Sold
FR-75002-109,110135965,Stop Sold
FR-75002-110,110136685,Stop Sold
FR-75002-111,110135895,Stop Sold
FR-75002-112,110135901,Stop Sold
FR-75002-113,110135935,Stop Sold
FR-75002-114,110135903,Stop Sold
FR-75002-117,110137079,Stop Sold
FR-75002-118,110135951,Stop Sold
FR-75002-119,110135959,Stop Sold
FR-75002-120,110135928,Stop Sold
FR-75002-121,110135884,Stop Sold
FR-75002-122,110137452,Stop Sold
FR-75002-123,110135890,Stop Sold
FR-75002-124,110135898,Stop Sold
FR-75002-125,110136450,Stop Sold
FR-75002-126,110135945,Stop Sold
FR-75002-19,109681399,Stop Sold
FR-75002-20,109695982,Stop Sold
FR-75002-21,109680383,Stop Sold
FR-75002-23,109681006,Stop Sold
FR-75002-24,109681312,Stop Sold
FR-75002-25,109687677,Stop Sold
FR-75002-26,109687672,Stop Sold
FR-75002-27,109686788,Stop Sold
FR-75002-28,109689226,Stop Sold
FR-75002-30,109684594,Stop Sold
FR-75002-31,109686791,Stop Sold
FR-75002-40,109684738,Stop Sold
FR-75002-41,109911241,Stop Sold
FR-75002-43,109686681,Stop Sold
FR-75002-44,109688009,Stop Sold
FR-75002-45,109914190,Stop Sold
FR-75002-46,109684413,Stop Sold
FR-75002-47,109686787,Stop Sold
FR-75002-48,109689824,Stop Sold
FR-75002-50,109679769,Stop Sold
FR-75002-51,109680001,Stop Sold
FR-75002-52,109686891,Stop Sold
FR-75002-55,109688382,Stop Sold
FR-75002-56,109680223,Stop Sold
FR-75002-57,109684508,Stop Sold
FR-75002-58,109711362,Stop Sold
FR-75002-59,109680473,Stop Sold
FR-75002-60,110136359,Stop Sold
FR-75002-61,110137449,Stop Sold
FR-75002-62,110135976,Stop Sold
FR-75002-64,110138195,Stop Sold
FR-75002-65,110135967,Stop Sold
FR-75002-66,110136466,Stop Sold
FR-75002-68,110135908,Stop Sold
FR-75002-69,110137565,Stop Sold
FR-75002-70,110135880,Stop Sold
FR-75002-71,110137427,Stop Sold
FR-75002-72,110135955,Stop Sold
FR-75002-73,110135883,Stop Sold
FR-75002-74,110136560,Stop Sold
FR-75002-75,110137961,Stop Sold
FR-75002-76,110135966,Stop Sold
FR-75002-77,110135907,Stop Sold
FR-75002-79,110135885,Stop Sold
FR-75002-80,110136125,Stop Sold
FR-75002-81,110138222,Stop Sold
FR-75002-82,110135954,Stop Sold
FR-75002-83,110137378,Stop Sold
FR-75002-84,110137583,Stop Sold
FR-75002-85,110135978,Stop Sold
FR-75002-86,110135974,Stop Sold
FR-75002-87,110135952,Stop Sold
FR-75002-88,110135929,Stop Sold
FR-75002-89,110135927,Stop Sold
FR-75002-90,110137403,Stop Sold
FR-75002-91,110137089,Stop Sold
FR-75002-92,110138123,Stop Sold
FR-75002-93,110135887,Stop Sold
FR-75002-94,110137960,Stop Sold
FR-75002-95,110138548,Stop Sold
FR-75002-96,110135971,Stop Sold
FR-75002-97,110136553,Stop Sold
FR-75002-98,110135879,Stop Sold
FR-75002-99,110136152,Stop Sold
FR-75003-14,109690547,Stop Sold
FR-75003-15,109686128,Stop Sold
FR-75003-19,109695638,Stop Sold
FR-75003-20,109680347,Stop Sold
FR-75003-21,109680002,Stop Sold
FR-75003-23,109695946,Stop Sold
FR-75003-24,109680920,Stop Sold
FR-75003-25,109688184,Stop Sold
FR-75003-26,109679768,Stop Sold
FR-75003-27,109684737,Stop Sold
FR-75003-28,109675700,Stop Sold
FR-75003-29,109695363,Stop Sold
FR-75003-30,109686546,Stop Sold
FR-75003-32,109689806,Stop Sold
FR-75003-33,109695575,Stop Sold
FR-75003-34,110136070,Stop Sold
FR-75003-35,110135943,Stop Sold
FR-75003-37,110137127,Stop Sold
FR-75003-38,110135931,Stop Sold
FR-75003-39,110136687,Stop Sold
FR-75003-40,110135977,Stop Sold
FR-75003-41,110135960,Stop Sold
FR-75003-42,110137916,Stop Sold
FR-75003-43,110137987,Stop Sold
FR-75003-44,110137327,Stop Sold
FR-75003-45,110135939,Stop Sold
FR-75003-46,110137585,Stop Sold
FR-75003-47,110138749,Stop Sold
FR-75003-48,110135957,Stop Sold
FR-75003-51,110136296,Stop Sold
FR-75003-52,110135934,Stop Sold
FR-75003-53,110137428,Stop Sold
FR-75003-54,110137984,Stop Sold
FR-75003-55,110138302,Stop Sold
FR-75003-57,110135926,Stop Sold
FR-75003-58,110137342,Stop Sold
FR-75003-59,110137244,Stop Sold
FR-75003-60,110137529,Stop Sold
FR-75003-61,110137414,Stop Sold
FR-75003-62,110138895,Stop Sold
FR-75003-63,110137564,Stop Sold
FR-75003-64,110136123,Stop Sold
FR-75003-65,110135944,Stop Sold
FR-75003-66,110137528,Stop Sold
FR-75003-67,110136452,Stop Sold
FR-75003-68,110136049,Stop Sold
FR-75003-69,110136029,Stop Sold
FR-75003-70,110136780,Stop Sold
FR-75003-72,110137450,Stop Sold
FR-75003-73,110136136,Stop Sold
FR-75003-74,110138055,Stop Sold
FR-75003-75,110137213,Stop Sold
FR-75003-77,110136757,Stop Sold
FR-75003-78,110135973,Stop Sold
FR-75003-79,110137880,Stop Sold
FR-75003-80,110135937,Stop Sold
FR-75003-81,110135963,Stop Sold
FR-75003-82,110136817,Stop Sold
FR-75003-83,110137856,Stop Sold
FR-75003-84,110138386,Stop Sold
FR-75003-85,110138267,Stop Sold
FR-75003-86,110136124,Stop Sold
FR-75003-87,110138694,Stop Sold
FR-75003-88,110137362,Stop Sold
FR-75003-89,110135936,Stop Sold
FR-75003-90,110135953,Stop Sold
FR-75003-91,110137617,Stop Sold
FR-75003-92,110136496,Stop Sold
FR-75003-94,110138094,Stop Sold
FR-75003-95,110135970,Stop Sold
FR-75003-96,110136319,Stop Sold
FR-75003-97,110138521,Stop Sold
FR-75003-98,110139205,Stop Sold
FR-75003-99,110135962,Stop Sold
FR-75004-12,110270906,Stop Sold
FR-75004-120,109681464,Stop Sold
FR-75004-121,109680858,Stop Sold
FR-75004-122,109689220,Stop Sold
FR-75004-125,110138137,Stop Sold
FR-75004-126,110148213,Stop Sold
FR-75004-127,110136734,Stop Sold
FR-75004-128,110136736,Stop Sold
FR-75004-129,110137280,Stop Sold
FR-75004-130,110138731,Stop Sold
FR-75004-132,110138591,Stop Sold
FR-75004-134,110137507,Stop Sold
FR-75004-135,110137893,Stop Sold
FR-75004-136,110136668,Stop Sold
FR-75004-138,110136278,Stop Sold
FR-75004-139,110137080,Stop Sold
FR-75004-140,110136406,Stop Sold
FR-75004-141,110137077,Stop Sold
FR-75004-142,110137360,Stop Sold
FR-75004-143,110138800,Stop Sold
FR-75004-144,110138798,Stop Sold
FR-75004-146,110136793,Stop Sold
FR-75004-147,110137124,Stop Sold
FR-75004-148,110137875,Stop Sold
FR-75004-149,110136126,Stop Sold
FR-75004-150,110137654,Stop Sold
FR-75004-152,110136794,Stop Sold
FR-75004-153,110138510,Stop Sold
FR-75004-155,110138398,Stop Sold
FR-75004-156,110136781,Stop Sold
FR-75005-12,109687854,Stop Sold
FR-75005-13,109691213,Stop Sold
FR-75005-14,109680529,Stop Sold
FR-75005-15,109679932,Stop Sold
FR-75005-16,109680493,Stop Sold
FR-75005-17,109914116,Stop Sold
FR-75005-18,110136295,Stop Sold
FR-75005-20,110137805,Stop Sold
FR-75005-21,110137468,Stop Sold
FR-75005-23,110139506,Stop Sold
FR-75005-24,110137290,Stop Sold
FR-75005-25,110136649,Stop Sold
FR-75005-26,110139138,Stop Sold
FR-75005-27,110136777,Stop Sold
FR-75005-29,110137986,Stop Sold
FR-75005-31,110136779,Stop Sold
FR-75005-32,110138909,Stop Sold
FR-75005-33,110137941,Stop Sold
FR-75005-34,110137398,Stop Sold
FR-75005-35,110139719,Stop Sold
FR-75005-37,110137508,Stop Sold
FR-75005-38,110137584,Stop Sold
FR-75005-39,110137078,Stop Sold
FR-75005-40,110137708,Stop Sold
FR-75005-41,110138122,Stop Sold
FR-75006-08,109695743,Stop Sold
FR-75006-09,109695365,Stop Sold
FR-75006-10,109681987,Stop Sold
FR-75006-11,109685665,Stop Sold
FR-75006-12,109689223,Stop Sold
FR-75006-13,110150947,Stop Sold
FR-75006-14,110137144,Stop Sold
FR-75006-16,110137109,Stop Sold
FR-75006-17,110136816,Stop Sold
FR-75006-18,110137489,Stop Sold
FR-75006-20,110137855,Stop Sold
FR-75006-22,110139397,Stop Sold
FR-75006-23,110139448,Stop Sold
FR-75006-24,110136735,Stop Sold
FR-75006-26,110137090,Stop Sold
FR-75006-27,110137402,Stop Sold
FR-75006-28,110137246,Stop Sold
FR-75006-29,110138651,Stop Sold
FR-75006-30,110138768,Stop Sold
FR-75006-32,110138592,Stop Sold
FR-75006-33,110138865,Stop Sold
FR-75006-34,110138316,Stop Sold
FR-75006-35,110138317,Stop Sold
FR-75006-36,110137243,Stop Sold
FR-75007-18,109680921,Stop Sold
FR-75007-19,109680153,Stop Sold
FR-75007-20,109687673,Stop Sold
FR-75007-21,109910186,Stop Sold
FR-75007-22,109680760,Stop Sold
FR-75007-23,109689815,Stop Sold
FR-75007-24,109914160,Stop Sold
FR-75007-26,110137143,Stop Sold
FR-75007-27,110156281,Stop Sold
FR-75007-28,110138549,Stop Sold
FR-75007-29,110138658,Stop Sold
FR-75007-30,110140320,Stop Sold
FR-75007-31,110137413,Stop Sold
FR-75007-32,110139069,Stop Sold
FR-75007-34,110137526,Stop Sold
FR-75007-36,110137291,Stop Sold
FR-75007-37,110137145,Stop Sold
FR-75007-38,110138084,Stop Sold
FR-75007-41,110139888,Stop Sold
FR-75008-09,109695980,Stop Sold
FR-75008-10,109695747,Stop Sold
FR-75008-11,109674344,Stop Sold
FR-75008-13,109685663,Stop Sold
FR-75008-14,109914192,Stop Sold
FR-75008-16,109681197,Stop Sold
FR-75008-17,109913212,Stop Sold
FR-75008-18,109675508,Stop Sold
FR-75008-19,109685674,Stop Sold
FR-75008-20,109695892,Stop Sold
FR-75008-22,109695744,Stop Sold
FR-75008-23,109687023,Stop Sold
FR-75008-24,109686675,Stop Sold
FR-75008-25,109686729,Stop Sold
FR-75008-26,109679874,Stop Sold
FR-75008-27,109679936,Stop Sold
FR-75008-28,109680712,Stop Sold
FR-75008-29,109681675,Stop Sold
FR-75008-30,109695439,Stop Sold
FR-75008-31,109674022,Stop Sold
FR-75008-33,109674204,Stop Sold
FR-75008-34,110148729,Stop Sold
FR-75008-35,110137379,Stop Sold
FR-75008-37,110137232,Stop Sold
FR-75008-39,110137363,Stop Sold
FR-75008-40,110138664,Stop Sold
FR-75008-41,110150530,Stop Sold
FR-75008-42,110138672,Stop Sold
FR-75008-43,110138832,Stop Sold
FR-75008-44,110139287,Stop Sold
FR-75008-45,110138402,Stop Sold
FR-75008-46,110138301,Stop Sold
FR-75008-47,110139741,Stop Sold
FR-75008-48,110137983,Stop Sold
FR-75008-49,110138649,Stop Sold
FR-75008-50,110138693,Stop Sold
FR-75008-51,110139124,Stop Sold
FR-75008-52,110137622,Stop Sold
FR-75008-53,110138831,Stop Sold
FR-75008-54,110137490,Stop Sold
FR-75008-55,110137867,Stop Sold
FR-75008-56,110137451,Stop Sold
FR-75008-57,110137430,Stop Sold
FR-75008-59,110138357,Stop Sold
FR-75008-60,110138788,Stop Sold
FR-75008-61,110138255,Stop Sold
FR-75008-62,110139071,Stop Sold
FR-75008-63,110139764,Stop Sold
FR-75008-65,110138256,Stop Sold
FR-75008-66,110138424,Stop Sold
FR-75008-67,110137985,Stop Sold
FR-75008-68,110139190,Stop Sold
FR-75008-69,110139355,Stop Sold
FR-75008-70,110138665,Stop Sold
FR-75008-71,110137524,Stop Sold
FR-75008-73,110137527,Stop Sold
FR-75008-74,110139383,Stop Sold
FR-75008-75,110137563,Stop Sold
FR-75008-76,110137876,Stop Sold
FR-75008-77,110137877,Stop Sold
FR-75008-78,110138136,Stop Sold
FR-75008-79,110138004,Stop Sold
FR-75008-80,110137892,Stop Sold
FR-75008-82,110139289,Stop Sold
FR-75009-14,109695579,Stop Sold
FR-75009-15,109695941,Stop Sold
FR-75009-16,109914158,Stop Sold
FR-75009-17,109681874,Stop Sold
FR-75009-18,109681401,Stop Sold
FR-75009-20,109695940,Stop Sold
FR-75009-21,109674017,Stop Sold
FR-75009-22,109680751,Stop Sold
FR-75009-28,109680341,Stop Sold
FR-75009-37,109680346,Stop Sold
FR-75009-38,109688182,Stop Sold
FR-75009-41,109680422,Stop Sold
FR-75009-44,110139770,Stop Sold
FR-75009-45,110159680,Stop Sold
FR-75009-46,110160611,Stop Sold
FR-75009-47,110156523,Stop Sold
FR-75009-48,110158532,Stop Sold
FR-75009-49,110148198,Stop Sold
FR-75009-50,110138179,Stop Sold
FR-75009-51,110160349,Stop Sold
FR-75009-52,110139315,Stop Sold
FR-75009-54,110137942,Stop Sold
FR-75009-55,110139887,Stop Sold
FR-75009-56,110138839,Stop Sold
FR-75009-57,110139364,Stop Sold
FR-75009-58,110156640,Stop Sold
FR-75009-59,110138342,Stop Sold
FR-75009-60,110138478,Stop Sold
FR-75009-61,110138644,Stop Sold
FR-75009-62,110138268,Stop Sold
FR-75009-63,110139110,Stop Sold
FR-75009-64,110139694,Stop Sold
FR-75009-65,110138917,Stop Sold
FR-75009-66,110140135,Stop Sold
FR-75009-68,110140343,Stop Sold
FR-75009-69,110138680,Stop Sold
FR-75009-70,110138997,Stop Sold
FR-75009-71,110138856,Stop Sold
FR-75009-73,110138149,Stop Sold
FR-75009-74,110138289,Stop Sold
FR-75009-75,110140100,Stop Sold
FR-75009-76,110139718,Stop Sold
FR-75009-77,110151853,Stop Sold
FR-75009-78,110148994,Stop Sold
FR-75009-79,110148690,Stop Sold
FR-75009-80,110152880,Stop Sold
FR-75009-81,110138221,Stop Sold
FR-75009-82,110138848,Stop Sold
FR-75009-84,110138512,Stop Sold
FR-75010-09,109695985,Stop Sold
FR-75010-12,109695387,Stop Sold
FR-75010-13,109911506,Stop Sold
FR-75010-14,109685146,Stop Sold
FR-75010-15,109680749,Stop Sold
FR-75010-17,109674205,Stop Sold
FR-75010-19,109689112,Stop Sold
FR-75010-20,109679632,Stop Sold
FR-75010-21,109913159,Stop Sold
FR-75010-23,109679710,Stop Sold
FR-75010-25,110159239,Stop Sold
FR-75010-26,110147184,Stop Sold
FR-75010-28,110147122,Stop Sold
FR-75010-29,110138459,Stop Sold
FR-75010-30,110147712,Stop Sold
FR-75010-31,110138245,Stop Sold
FR-75010-32,110138397,Stop Sold
FR-75010-33,110138576,Stop Sold
FR-75010-34,110138511,Stop Sold
FR-75010-35,110139455,Stop Sold
FR-75010-36,110138923,Stop Sold
FR-75010-37,110151852,Stop Sold
FR-75010-38,110139191,Stop Sold
FR-75010-39,110139214,Stop Sold
FR-75010-40,110139516,Stop Sold
FR-75010-43,110157474,Stop Sold
FR-75010-44,110139980,Stop Sold
FR-75010-45,110139677,Stop Sold
FR-75010-47,110138619,Stop Sold
FR-75010-48,110140060,Stop Sold
FR-75010-49,110140028,Stop Sold
FR-75010-50,110139230,Stop Sold
FR-75010-51,110138533,Stop Sold
FR-75010-52,110138495,Stop Sold
FR-75010-53,110159740,Stop Sold
FR-75010-54,110139123,Stop Sold
FR-75010-55,110138806,Stop Sold
FR-75010-57,110139579,Stop Sold
FR-75010-58,110139160,Stop Sold
FR-75010-59,110138723,Stop Sold
FR-75010-60,110139673,Stop Sold
FR-75010-62,110139104,Stop Sold
FR-75010-63,110138733,Stop Sold
FR-75010-65,110138939,Stop Sold
FR-75010-66,110138479,Stop Sold
FR-75010-67,110154361,Stop Sold
FR-75010-68,110147787,Stop Sold
FR-75010-69,110139585,Stop Sold
FR-75010-70,110139270,Stop Sold
FR-75010-71,110139288,Stop Sold
FR-75010-72,110139471,Stop Sold
FR-75010-73,110138934,Stop Sold
FR-75010-74,110138732,Stop Sold
FR-75010-75,110140189,Stop Sold
FR-75010-76,110139314,Stop Sold
FR-75010-77,110138908,Stop Sold
FR-75010-78,110138748,Stop Sold
FR-75010-79,110140251,Stop Sold
FR-75010-81,110140098,Stop Sold
FR-75010-82,110138750,Stop Sold
FR-75010-83,110156280,Stop Sold
FR-75010-84,110220731,Stop Sold
FR-75011-100,110139005,Stop Sold
FR-75011-101,110148893,Stop Sold
FR-75011-103,110139180,Stop Sold
FR-75011-104,110138825,Stop Sold
FR-75011-105,110138847,Stop Sold
FR-75011-107,110139584,Stop Sold
FR-75011-108,110139657,Stop Sold
FR-75011-109,110139580,Stop Sold
FR-75011-114,110147833,Stop Sold
FR-75011-115,110139070,Stop Sold
FR-75011-117,110138602,Stop Sold
FR-75011-118,110138787,Stop Sold
FR-75011-120,110139266,Stop Sold
FR-75011-121,110147094,Stop Sold
FR-75011-122,110148799,Stop Sold
FR-75011-123,110139100,Stop Sold
FR-75011-125,110139012,Stop Sold
FR-75011-127,110140113,Stop Sold
FR-75011-128,110156865,Stop Sold
FR-75011-131,110139831,Stop Sold
FR-75011-132,110138729,Stop Sold
FR-75011-134,110139269,Stop Sold
FR-75011-137,110138681,Stop Sold
FR-75011-139,110138767,Stop Sold
FR-75011-141,110156250,Stop Sold
FR-75011-142,110148961,Stop Sold
FR-75011-143,110139079,Stop Sold
FR-75011-144,110138728,Stop Sold
FR-75011-147,110139518,Stop Sold
FR-75011-148,110157033,Stop Sold
FR-75011-149,110139316,Stop Sold
FR-75011-150,110139627,Stop Sold
FR-75011-151,110139653,Stop Sold
FR-75011-19,109686342,Stop Sold
FR-75011-20,109690546,Stop Sold
FR-75011-21,109687674,Stop Sold
FR-75011-22,109674871,Stop Sold
FR-75011-23,109675284,Stop Sold
FR-75011-25,109675393,Stop Sold
FR-75011-26,109680961,Stop Sold
FR-75011-30,110143288,Stop Sold
FR-75011-31,109690856,Stop Sold
FR-75011-32,109680100,Stop Sold
FR-75011-33,109675278,Stop Sold
FR-75011-34,109680273,Stop Sold
FR-75011-35,109686149,Stop Sold
FR-75011-36,109689817,Stop Sold
FR-75011-37,109674251,Stop Sold
FR-75011-38,109688653,Stop Sold
FR-75011-39,109685145,Stop Sold
FR-75011-40,109690059,Stop Sold
FR-75011-41,109686123,Stop Sold
FR-75011-42,109684415,Stop Sold
FR-75011-44,109687491,Stop Sold
FR-75011-45,109690318,Stop Sold
FR-75011-46,109685376,Stop Sold
FR-75011-47,109674575,Stop Sold
FR-75011-49,109690549,Stop Sold
FR-75011-51,109681580,Stop Sold
FR-75011-52,109675287,Stop Sold
FR-75011-53,109695514,Stop Sold
FR-75011-54,109680343,Stop Sold
FR-75011-55,109686343,Stop Sold
FR-75011-56,109695580,Stop Sold
FR-75011-57,109689221,Stop Sold
FR-75011-58,109680752,Stop Sold
FR-75011-60,109690821,Stop Sold
FR-75011-61,109680537,Stop Sold
FR-75011-62,109910315,Stop Sold
FR-75011-64,109688381,Stop Sold
FR-75011-65,109684922,Stop Sold
FR-75011-67,109690058,Stop Sold
FR-75011-68,109687676,Stop Sold
FR-75011-69,109675507,Stop Sold
FR-75011-70,109688375,Stop Sold
FR-75011-71,110145345,Stop Sold
FR-75011-72,110148263,Stop Sold
FR-75011-73,110148937,Stop Sold
FR-75011-74,110159651,Stop Sold
FR-75011-75,110158832,Stop Sold
FR-75011-77,110156145,Stop Sold
FR-75011-79,110148146,Stop Sold
FR-75011-83,110139447,Stop Sold
FR-75011-87,110138907,Stop Sold
FR-75011-90,110139136,Stop Sold
FR-75011-92,110148324,Stop Sold
FR-75011-93,110139654,Stop Sold
FR-75011-95,110148071,Stop Sold
FR-75011-96,110139137,Stop Sold
FR-75011-97,110157032,Stop Sold
FR-75012-15,109690548,Stop Sold
FR-75012-16,109680308,Stop Sold
FR-75012-17,109680477,Stop Sold
FR-75012-18,109690820,Stop Sold
FR-75012-19,109674578,Stop Sold
FR-75012-20,109690553,Stop Sold
FR-75012-22,109688525,Stop Sold
FR-75012-24,109684552,Stop Sold
FR-75012-25,109688652,Stop Sold
FR-75012-34,109679933,Stop Sold
FR-75012-35,109674201,Stop Sold
FR-75012-36,109695367,Stop Sold
FR-75012-39,110139454,Stop Sold
FR-75012-40,110151241,Stop Sold
FR-75012-41,110148557,Stop Sold
FR-75012-42,110139365,Stop Sold
FR-75012-43,110140319,Stop Sold
FR-75012-44,110147991,Stop Sold
FR-75012-45,110149045,Stop Sold
FR-75012-46,110156376,Stop Sold
FR-75012-47,110148556,Stop Sold
FR-75012-48,110139290,Stop Sold
FR-75012-49,110139396,Stop Sold
FR-75012-50,110147508,Stop Sold
FR-75012-51,110139931,Stop Sold
FR-75012-52,110139517,Stop Sold
FR-75013-12,109680309,Stop Sold
FR-75013-13,109680710,Stop Sold
FR-75013-14,109690060,Stop Sold
FR-75013-15,109680764,Stop Sold
FR-75013-16,110160643,Stop Sold
FR-75013-17,110147689,Stop Sold
FR-75013-18,110139109,Stop Sold
FR-75013-19,110159384,Stop Sold
FR-75013-20,110139612,Stop Sold
FR-75013-21,110140250,Stop Sold
FR-75013-22,110139256,Stop Sold
FR-75013-23,110157354,Stop Sold
FR-75013-24,110159948,Stop Sold
FR-75014-05,109913924,Stop Sold
FR-75014-06,110147992,Stop Sold
FR-75014-07,110147673,Stop Sold
FR-75014-08,110139645,Stop Sold
FR-75014-09,110266778,Stop Sold
FR-75014-10,110148862,Stop Sold
FR-75015-17,109695981,Stop Sold
FR-75015-18,109680101,Stop Sold
FR-75015-19,109681193,Stop Sold
FR-75015-20,109686792,Stop Sold
FR-75015-21,109684925,Stop Sold
FR-75015-22,109695893,Stop Sold
FR-75015-24,109689819,Stop Sold
FR-75015-25,109685166,Stop Sold
FR-75015-26,109680445,Stop Sold
FR-75015-27,109679636,Stop Sold
FR-75015-28,109679634,Stop Sold
FR-75015-30,109688823,Stop Sold
FR-75015-31,109909446,Stop Sold
FR-75015-32,109680000,Stop Sold
FR-75015-33,109914159,Stop Sold
FR-75015-34,109681196,Stop Sold
FR-75015-35,109688982,Stop Sold
FR-75015-36,109910212,Stop Sold
FR-75015-38,109675593,Stop Sold
FR-75015-39,109685381,Stop Sold
FR-75015-40,109684924,Stop Sold
FR-75015-41,109688012,Stop Sold
FR-75015-44,109689654,Stop Sold
FR-75015-47,109914194,Stop Sold
FR-75015-50,109686742,Stop Sold
FR-75015-51,109680382,Stop Sold
FR-75015-52,109687671,Stop Sold
FR-75015-54,109673844,Stop Sold
FR-75015-55,109690055,Stop Sold
FR-75015-56,109688526,Stop Sold
FR-75015-57,109680102,Stop Sold
FR-75015-61,109680475,Stop Sold
FR-75015-63,109681676,Stop Sold
FR-75015-65,110147571,Stop Sold
FR-75015-66,110156508,Stop Sold
FR-75015-68,110154466,Stop Sold
FR-75015-69,110139626,Stop Sold
FR-75015-70,110149934,Stop Sold
FR-75015-71,110139382,Stop Sold
FR-75015-72,110156143,Stop Sold
FR-75015-73,110140099,Stop Sold
FR-75015-74,110139487,Stop Sold
FR-75015-75,110139354,Stop Sold
FR-75015-76,110156189,Stop Sold
FR-75015-77,110139912,Stop Sold
FR-75015-79,110139613,Stop Sold
FR-75015-80,110139949,Stop Sold
FR-75015-82,110261249,Stop Sold
FR-75015-83,110160157,Stop Sold
FR-75015-84,110139551,Stop Sold
FR-75015-86,110156313,Stop Sold
FR-75015-87,110140252,Stop Sold
FR-75015-88,110155599,Stop Sold
FR-75015-89,110139771,Stop Sold
FR-75015-90,110139456,Stop Sold
FR-75015-91,110147831,Stop Sold
FR-75015-92,110154539,Stop Sold
FR-75015-93,110149933,Stop Sold
FR-75015-94,110139486,Stop Sold
FR-75015-95,110139581,Stop Sold
FR-75015-96,110139932,Stop Sold
FR-75015-97,110149476,Stop Sold
FR-75015-98,110147690,Stop Sold
FR-75016-09,109687856,Stop Sold
FR-75016-11,109679633,Stop Sold
FR-75016-12,109674874,Stop Sold
FR-75016-13,109679630,Stop Sold
FR-75016-14,109684593,Stop Sold
FR-75016-15,109675391,Stop Sold
FR-75016-16,109675724,Stop Sold
FR-75016-17,109680711,Stop Sold
FR-75016-18,109681467,Stop Sold
FR-75016-20,109680472,Stop Sold
FR-75016-22,109686785,Stop Sold
FR-75016-23,110158183,Stop Sold
FR-75016-25,110159681,Stop Sold
FR-75016-32,110159162,Stop Sold
FR-75016-34,110139783,Stop Sold
FR-75016-38,110149618,Stop Sold
FR-75016-39,110139638,Stop Sold
FR-75016-43,110269780,Stop Sold
FR-75016-44,110148279,Stop Sold
FR-75016-45,110156013,Stop Sold
FR-75016-49,110139850,Stop Sold
FR-75016-51,110139875,Stop Sold
FR-75016-52,110139695,Stop Sold
FR-75016-58,110139913,Stop Sold
FR-75016-60,110139782,Stop Sold
FR-75016-62,110215477,Stop Sold
FR-75016-66,110157676,Stop Sold
FR-75016-68,110160606,Stop Sold
FR-75016-71,110139911,Stop Sold
FR-75016-72,110148363,Stop Sold
FR-75016-76,110147379,Stop Sold
FR-75016-77,110139830,Stop Sold
FR-75016-78,110139981,Stop Sold
FR-75016-79,110148121,Stop Sold
FR-75016-80,110139829,Stop Sold
FR-75016-82,110151497,Stop Sold
FR-75016-85,110156251,Stop Sold
FR-75016-87,110157347,Stop Sold
FR-75016-88,110160020,Stop Sold
FR-75016-89,110147737,Stop Sold
FR-75017-14,109689225,Stop Sold
FR-75017-17,109685892,Stop Sold
FR-75017-18,109695748,Stop Sold
FR-75017-19,109679701,Stop Sold
FR-75017-20,109913533,Stop Sold
FR-75017-21,109680342,Stop Sold
FR-75017-22,109680474,Stop Sold
FR-75017-23,109690550,Stop Sold
FR-75017-24,110261933,Stop Sold
FR-75017-25,110143835,Stop Sold
FR-75017-26,109681075,Stop Sold
FR-75017-28,109695639,Stop Sold
FR-75017-29,109681875,Stop Sold
FR-75017-30,109679934,Stop Sold
FR-75017-32,109686542,Stop Sold
FR-75017-35,110149046,Stop Sold
FR-75017-37,110148939,Stop Sold
FR-75017-38,110148892,Stop Sold
FR-75017-39,110154098,Stop Sold
FR-75017-40,110158069,Stop Sold
FR-75017-42,110158804,Stop Sold
FR-75017-46,110156188,Stop Sold
FR-75017-48,110157857,Stop Sold
FR-75017-49,110156015,Stop Sold
FR-75017-50,110158489,Stop Sold
FR-75017-52,110149108,Stop Sold
FR-75017-55,110148240,Stop Sold
FR-75017-56,110154479,Stop Sold
FR-75017-57,110261488,Stop Sold
FR-75017-59,110147993,Stop Sold
FR-75017-62,110147326,Stop Sold
FR-75017-63,110159386,Stop Sold
FR-75017-68,110158803,Stop Sold
FR-75017-69,110156252,Stop Sold
FR-75017-70,110157674,Stop Sold
FR-75017-72,110156639,Stop Sold
FR-75017-74,110157029,Stop Sold
FR-75017-75,110147207,Stop Sold
FR-75017-76,110160289,Stop Sold
FR-75018-100,110140448,Stop Sold
FR-75018-103,110157034,Stop Sold
FR-75018-106,110147893,Stop Sold
FR-75018-111,110149037,Stop Sold
FR-75018-112,110159679,Stop Sold
FR-75018-113,110147157,Stop Sold
FR-75018-114,110154415,Stop Sold
FR-75018-115,110156311,Stop Sold
FR-75018-116,110155460,Stop Sold
FR-75018-119,110159161,Stop Sold
FR-75018-122,110147815,Stop Sold
FR-75018-124,110148585,Stop Sold
FR-75018-126,110155459,Stop Sold
FR-75018-127,110157352,Stop Sold
FR-75018-128,110147649,Stop Sold
FR-75018-129,110154416,Stop Sold
FR-75018-131,110151604,Stop Sold
FR-75018-133,110158583,Stop Sold
FR-75018-29,109685667,Stop Sold
FR-75018-30,109681076,Stop Sold
FR-75018-31,109675282,Stop Sold
FR-75018-32,109687022,Stop Sold
FR-75018-35,109680958,Stop Sold
FR-75018-36,109679732,Stop Sold
FR-75018-37,109695578,Stop Sold
FR-75018-38,109695515,Stop Sold
FR-75018-39,109681578,Stop Sold
FR-75018-40,109679629,Stop Sold
FR-75018-42,109695610,Stop Sold
FR-75018-44,109695943,Stop Sold
FR-75018-45,109695577,Stop Sold
FR-75018-46,109679631,Stop Sold
FR-75018-47,109680345,Stop Sold
FR-75018-48,109713082,Stop Sold
FR-75018-50,109680444,Stop Sold
FR-75018-51,109688383,Stop Sold
FR-75018-52,109675395,Stop Sold
FR-75018-54,109695366,Stop Sold
FR-75018-55,109695429,Stop Sold
FR-75018-56,109680099,Stop Sold
FR-75018-57,109690315,Stop Sold
FR-75018-58,109679999,Stop Sold
FR-75018-59,109695609,Stop Sold
FR-75018-60,110155600,Stop Sold
FR-75018-61,110159385,Stop Sold
FR-75018-62,110159573,Stop Sold
FR-75018-63,110156312,Stop Sold
FR-75018-64,110154467,Stop Sold
FR-75018-65,110160325,Stop Sold
FR-75018-66,110157031,Stop Sold
FR-75018-67,110157477,Stop Sold
FR-75018-68,110160021,Stop Sold
FR-75018-69,110147543,Stop Sold
FR-75018-73,110159383,Stop Sold
FR-75018-75,110148781,Stop Sold
FR-75018-76,110157035,Stop Sold
FR-75018-77,110148780,Stop Sold
FR-75018-79,110148197,Stop Sold
FR-75018-80,110158975,Stop Sold
FR-75018-82,110158533,Stop Sold
FR-75018-83,110154540,Stop Sold
FR-75018-84,110156146,Stop Sold
FR-75018-86,110150715,Stop Sold
FR-75018-87,110149741,Stop Sold
FR-75018-90,110148054,Stop Sold
FR-75018-91,110151981,Stop Sold
FR-75018-94,110156118,Stop Sold
FR-75018-95,110151980,Stop Sold
FR-75018-97,110149426,Stop Sold
FR-75018-98,110150474,Stop Sold
FR-75019-11,109681195,Stop Sold
FR-75019-12,109680857,Stop Sold
FR-75019-14,109680381,Stop Sold
FR-75019-15,109674203,Stop Sold
FR-75019-16,109695947,Stop Sold
FR-75019-17,109675392,Stop Sold
FR-75019-20,110367600,Stop Sold
FR-75019-21,110148798,Stop Sold
FR-75019-23,110158706,Stop Sold
FR-75020-04,109687494,Stop Sold
FR-75020-05,109686795,Stop Sold
FR-75020-06,109695636,Stop Sold
FR-75020-10,109695608,Stop Sold
FR-75020-13,110158175,Stop Sold
FR-75020-14,110147155,Stop Sold
FR-75020-16,110149109,Stop Sold
FR-75020-17,110148691,Stop Sold
FR-75020-19,110160156,Stop Sold
FR-75020-20,110160526,Stop Sold
FR-75020-21,110158584,Stop Sold
FR-75020-22,110149628,Stop Sold
FR-75020-25,110205756,Stop Sold
FR-75020-26,110148539,Stop Sold
FR-75020-28,110149324,Stop Sold
FR-75116-04,109685895,Stop Sold
FR-75116-05,109686129,Stop Sold
FR-75116-07,109695745,Stop Sold
FR-75116-08,109695364,Stop Sold
FR-75116-10,109695894,Stop Sold
FR-75116-13,109695613,Stop Sold
FR-75116-16,109683908,Stop Sold
FR-75116-20,110150795,Stop Sold
FR-75116-21,110158172,Stop Sold
FR-75116-25,110159164,Stop Sold
FR-75116-26,110148425,Stop Sold
FR-75116-28,110157673,Stop Sold
FR-75116-29,110152212,Stop Sold
FR-75116-30,110261871,Stop Sold
FR-75116-31,110147650,Stop Sold
FR-75116-32,110148241,Stop Sold
FR-75116-33,110148424,Stop Sold
FR-75116-36,110147687,Stop Sold
FR-75116-37,110265166,Stop Sold
FR-75116-38,110159112,Stop Sold
FR-75116-39,110206234,Stop Sold
FR-75116-41,110159678,Stop Sold
FR-75116-43,110150714,Stop Sold
FR-75116-44,110147208,Stop Sold
FR-75116-45,110147840,Stop Sold
FR-75116-46,110228264,Stop Sold
FR-75116-49,110148142,Stop Sold
FR-75116-52,110148088,Stop Sold
FR-75116-53,110151023,Stop Sold
FR-75116-54,110149844,Stop Sold
FR-83310-185,110156144,Stop Sold
FR-83310-186,110148621,Stop Sold
FR-83310-187,110148584,Stop Sold
FR-83310-188,110153343,Stop Sold
FR-83310-189,110148120,Stop Sold
FR-83310-190,110158765,Stop Sold
FR-83310-191,110158894,Stop Sold
FR-83310-192,110232187,Stop Sold
FR-83350-34,110147832,Stop Sold
FR-83580-37,109675283,Stop Sold
FR-83580-39,110216076,Stop Sold
FR-83580-40,110216837,Stop Sold
FR-83580-41,110223100,Stop Sold
FR-83580-42,110231995,Stop Sold
FR-83990-42,109681394,Stop Sold
FR-83990-43,109680960,Stop Sold
FR-83990-44,109685672,Stop Sold
FR-83990-45,109685671,Stop Sold
FR-83990-46,109684553,Stop Sold
FR-83990-49,109674254,Stop Sold
FR-83990-52,110223277,Stop Sold
FR-83990-54,110217982,Stop Sold
FR-83990-55,110148751,Stop Sold
FR-83990-56,110238978,Stop Sold
FR-91530-03,109681465,Stop Sold
FR-92100-10,110149588,Stop Sold
FR-92100-12,110149843,Stop Sold
FR-92100-13,110160350,Stop Sold
FR-92110-04,110148583,Stop Sold
FR-92110-05,110148728,Stop Sold
FR-92120-04,110147378,Stop Sold
FR-92150-05,109685670,Stop Sold
FR-92150-06,109695635,Stop Sold
FR-92170-01,109695637,Stop Sold
FR-92170-02,109695746,Stop Sold
FR-92170-04,109680761,Stop Sold
FR-92170-05,109681194,Stop Sold
FR-92170-06,109679873,Stop Sold
FR-92170-07,109695944,Stop Sold
FR-92170-08,109674576,Stop Sold
FR-92170-09,109674581,Stop Sold
FR-92170-10,109688981,Stop Sold
FR-92170-11,109675281,Stop Sold
FR-92170-12,109680423,Stop Sold
FR-92170-13,109680757,Stop Sold
FR-92170-14,109680344,Stop Sold
FR-92170-15,109690054,Stop Sold
FR-92170-16,109683909,Stop Sold
FR-92200-06,109674109,Stop Sold
FR-92200-07,109688532,Stop Sold
FR-92200-08,109680733,Stop Sold
FR-92200-09,109688183,Stop Sold
FR-92200-11,109681574,Stop Sold
FR-92200-12,109686547,Stop Sold
FR-92200-13,109689111,Stop Sold
FR-92200-18,110159355,Stop Sold
FR-92200-20,110222098,Stop Sold
FR-92200-21,110151495,Stop Sold
FR-92210-04,110239990,Stop Sold
FR-92270-01,110148750,Stop Sold
FR-92300-03,109681395,Stop Sold
FR-92300-07,109679699,Stop Sold
FR-92300-08,109680878,Stop Sold
FR-92300-09,110148480,Stop Sold
FR-92300-10,110147894,Stop Sold
FR-92300-11,110156310,Stop Sold
FR-92300-14,110219256,Stop Sold
FR-92300-16,110149977,Stop Sold
FR-92300-17,110159544,Stop Sold
FR-92300-20,110149036,Stop Sold
FR-92300-21,110159331,Stop Sold
FR-92300-23,110152110,Stop Sold
FR-92300-24,110148323,Stop Sold
FR-92400-10,109674110,Stop Sold
FR-92800-07,109688010,Stop Sold
FR-92800-08,109691212,Stop Sold
FR-92800-09,109690823,Stop Sold
FR-93100-04,109909498,Stop Sold
FR-93100-05,109681400,Stop Sold
FR-93100-06,109684414,Stop Sold
FR-93100-07,110231657,Stop Sold
FR-93260-01,110149184,Stop Sold
FR-93300-04,109914129,Stop Sold
FR-93300-05,109686789,Stop Sold
FR-93300-06,109927303,Stop Sold
FR-93300-07,109686680,Stop Sold
FR-93300-08,109680959,Stop Sold
FR-93300-09,109679872,Stop Sold
FR-93300-10,109913026,Stop Sold
FR-93400-04,109648409,Stop Sold
FR-93400-05,110143649,Stop Sold
FR-93400-08,110160527,Stop Sold
FR-93400-09,110154891,Stop Sold
FR-93400-10,110160556,Stop Sold
FR-93400-11,110150587,Stop Sold
FR-93400-12,110159288,Stop Sold
FR-93400-13,110158585,Stop Sold
FR-93400-14,110147676,Stop Sold
FR-93400-15,110159572,Stop Sold
FR-93400-16,110154538,Stop Sold
FR-93500-06,110154541,Stop Sold
FR-93500-07,110156248,Stop Sold
FR-93500-09,110149047,Stop Sold
FR-94130-01,110157473,Stop Sold
FR-94130-02,110149385,Stop Sold
FR-94130-03,110157675,Stop Sold
FR-94130-04,110149935,Stop Sold
FR-94130-05,110148443,Stop Sold
FR-94130-06,110149215,Stop Sold
FR-94130-07,110156375,Stop Sold
FR-94160-02,109688978,Stop Sold
FR-94160-03,110156343,Stop Sold
FR-94160-04,110219522,Stop Sold
FR-94160-07,110158453,Stop Sold
FR-94200-02,110158586,Stop Sold
FR-94200-03,110206410,Stop Sold
FR-94200-04,110148089,Stop Sold
FR-94200-05,110238979,Stop Sold
FR-94200-06,110149387,Stop Sold
FR-94200-07,110234558,Stop Sold
FR-94200-08,110149386,Stop Sold
FR-94200-09,110158355,Stop Sold
FR-94220-04,110147273,Stop Sold
FR-94220-05,110147595,Stop Sold
FR-94270-02,110148479,Stop Sold
FR-94270-03,110148938,Stop Sold
FR-94270-04,110149353,Stop Sold
FR-94270-05,110156249,Stop Sold
FR-94270-06,110152995,Stop Sold
FR-94270-07,110148362,Stop Sold
FR-94270-08,110152480,Stop Sold
FR-94270-10,110149300,Stop Sold
FR-94270-11,110158738,Stop Sold
FR-94270-12,110152313,Stop Sold
FR-94300-02,109688822,Stop Sold
FR-94300-03,110206725,Stop Sold
FR-94300-04,110158356,Stop Sold
FR-94310-02,110156867,Stop Sold
FR-94310-05,110151854,Stop Sold
FR-94310-06,110156637,Stop Sold
GR-84600-36,109695984,Stop Sold
GR-84600-37,109683687,Stop Sold
GR-84600-38,109695945,Stop Sold
GR-84600-39,109679635,Stop Sold