Account ID,Managed by
94373347,
94958958,
93202623,
93600646,
93548296,
98546375,
98550578,
94357373,
98550558,
98550263,
98552515,
98552964,
100522898,
94371044,
98550441,
98552168,
94957485,
98551119,
98556408,
98548640,
98546944,
94358264,
93205376,
93546103,
98552785,
94503645,
94955929,
94354842,
93561048,
94953611,
94515077,
94346854,
94954830,
94953080,
94351956,
93546273,
102107155,
98546702,
94370856,
100850003,
93546570,
93537417,
100214549,
98554907,
98554033,
94531072,
93536429,
100424093,
99461431,
94958427,
94953700,
100152750,
94501914,
93200637,
93586742,
98550258,
93573011,
93201201,
94954464,
93575416,
93547114,
98548195,
94341700,
94953186,
98546993,
98550422,
98898540,
93537910,
94382639,
94959976,
100849797,
93104007,
93537580,
93537571,
93600512,
100817410,
94362005,
98552106,
94310536,
94343323,
94335600,
94371170,
94960375,
100714824,
98545491,
98553150,
93572654,
93204589,
98544585,
100859553,
94442793,
93546303,
93537972,
93206523,
93537375,
94955169,
93537968,
94953968,
102379500,
98547015,
93548050,
93545677,
94527010,
94959580,
93570873,
94955559,
100570893,
94316928,
94372532,
94954812,
98546716,
94952356,
100652055,
98544555,
93547387,
99499944,
94348194,
98550641,
93537927,
93589397,
98550093,
94958304,
94952865,
93545791,
94952627,
94952449,
93206848,
94379477,
94355307,
93204145,
94965670,
102656407,
94954614,
100850169,
93589265,
94316483,
94446374,
98556983,
99661537,
98544941,
94957967,
94955144,
98547995,
94378310,
100236780,
93545941,
94959517,
94316574,
94348059,
94378613,
98550345,
99369166,
98544747,
98554713,
94357570,
98556541,
102107177,
94958746,
94378481,
94309446,
94337703,
94957859,
94531666,
95867168,
94961919,
98545543,
100849394,
100100365,
93586805,
94340695,
93570838,
98550497,
94371446,
98551158,
100850369,
94958719,
94958563,
93207551,
93207083,
93536657,
94357147,
93203909,
101959588,
98597107,
100100252,
94356880,
94354478,
98544674,
100849344,
98545426,
98545340,
93537861,
93200076,
