Account ID,Managed by
35287378,0010y00001d884CAAQ
134000875,001PE00000fNdM4YAK
113804484,0010y00001d884CAAQ
133991920,0010y00001d884CAAQ
82932858,0010y00001d884CAAQ
134059543,0010y00001d884CAAQ
35287416,0010y00001d884CAAQ
133951081,0010y00001imHobAAE
133951075,0010y00001imHobAAE
133983819,001PE00000UHSTGYA5
133951073,0010y00001imHobAAE
75598551,0010y00001d884CAAQ
133957093,001PE00000fNdM4YAK
114416544,0010y00001d884CAAQ
114138932,0010y00001d884CAAQ
35287372,0010y00001d884CAAQ
35287426,0010y00001d884CAAQ
17113568,0010y00001d884CAAQ
90898523,0010y00001d884CAAQ
75631700,0010y00001d884CAAQ
134061475,001PE00000UHSTGYA5
111511018,0010y00001d884CAAQ
99935014,0010y00001d884CAAQ
134102936,001PE00000YFvVUYA1
39612946,0010y00001d884CAAQ
133951077,0010y00001imHobAAE
134099994,001PE00000YFvVUYA1
88084367,0010y00001d884CAAQ
70555141,0010y00001d884CAAQ
35287365,0010y00001d884CAAQ
133986808,0010y00001d884CAAQ
35287404,0010y00001d884CAAQ
133951074,0010y00001imHobAAE
45284074,0010y00001d884CAAQ
88627618,0010y00001d884CAAQ
133986854,0010y00001d884CAAQ
69279704,0010y00001d884CAAQ
102404449,0010y00001d884CAAQ
35287438,0010y00001d884CAAQ
133915971,0010y00001d884CAAQ
35287385,0010y00001d884CAAQ
133916336,0010y00001d884CAAQ
82648468,0010y00001d884CAAQ
113652295,0010y00001d884CAAQ
118266681,0010y00001d884CAAQ
69279699,0010y00001d884CAAQ
70555139,0010y00001d884CAAQ
75627722,0010y00001d884CAAQ
75603570,0010y00001d884CAAQ
48471536,0010y00001d884CAAQ
114149272,0010y00001d884CAAQ
134232391,0010y00001nijRhAAI
134099586,001PE00000YFvVUYA1
134102331,001PE00000YFvVUYA1
133951085,0010y00001imHobAAE
113871512,0010y00001d884CAAQ
102405416,0010y00001d884CAAQ
133951084,0010y00001imHobAAE
70555140,0010y00001d884CAAQ
120984652,001PE00000fRqZBYA0
133976857,001PE00000fRqZBYA0
133951082,0010y00001imHobAAE
99810334,001PE00000fRqZBYA0
133923819,0010y00001YBpG7AAL
133951079,0010y00001imHobAAE
35287374,0010y00001d884CAAQ
113629412,0010y00001d884CAAQ
87663348,0010y00001d884CAAQ
75282402,0010y00001d884CAAQ
70555145,0010y00001d884CAAQ
75602945,0010y00001d884CAAQ
133916026,0010y00001d884CAAQ
113809288,0010y00001d884CAAQ
111384846,0010y00001d884CAAQ
113469413,0010y00001d884CAAQ
114891980,0010y00001d884CAAQ
111564590,0010y00001d884CAAQ
102402419,0010y00001d884CAAQ
113930057,0010y00001d884CAAQ
133915961,0010y00001d884CAAQ
113625112,0010y00001d884CAAQ
133915972,0010y00001d884CAAQ
48471539,0010y00001d884CAAQ
114145531,0010y00001d884CAAQ
35287380,0010y00001d884CAAQ
39612937,0010y00001d884CAAQ
133915935,0010y00001d884CAAQ
35287408,0010y00001d884CAAQ
110225867,0010y00001d884CAAQ
35287326,0010y00001d884CAAQ
39612909,0010y00001d884CAAQ
59913163,0010y00001d884CAAQ
35287447,0010y00001d884CAAQ
134102475,001PE00000YFvVUYA1
133986890,0010y00001d884CAAQ
69279702,0010y00001d884CAAQ
133951076,0010y00001imHobAAE
90162454,0010y00001d884CAAQ
134100628,001PE00000YFvVUYA1
134059684,0010y00001d884CAAQ
96001157,0010y00001d884CAAQ
126555008,0010y00001d884CAAQ
133986816,0010y00001d884CAAQ
35287399,0010y00001d884CAAQ
133986828,0010y00001d884CAAQ
39612908,0010y00001d884CAAQ
35287371,0010y00001d884CAAQ
104015111,001PE00000fRqZBYA0
111514094,0010y00001d884CAAQ
133951083,0010y00001imHobAAE
113477214,0010y00001d884CAAQ
111421785,0010y00001d884CAAQ
35287377,0010y00001d884CAAQ
35287387,0010y00001d884CAAQ
104236417,0010y00001d884CAAQ
35287392,0010y00001d884CAAQ
39612945,0010y00001d884CAAQ
133915934,0010y00001d884CAAQ
35287346,0010y00001d884CAAQ
93391101,0010y00001c3MJQAA2