hotel_id,listing_resigndate
93198403,2026-07-30
93201222,2026-07-29
93201223,2026-07-31
93203573,2026-07-28
93204695,2026-07-27
93205920,2026-07-29
93537147,2026-07-27
93547869,2026-07-28
93572877,2026-07-31
93575520,2026-07-31
94305069,2026-07-30
94305290,2026-07-28
94305336,2026-07-31
94319226,2026-07-28
94319722,2026-07-28
94321088,2026-07-28
94324239,2026-07-28
94326144,2026-07-30
94329535,2026-07-29
94334048,2026-07-30
94342182,2026-07-31
94345552,2026-07-31
94351825,2026-07-30
94361371,2026-07-30
94365636,2026-07-28
94377456,2026-07-30
94380579,2026-07-27
94382455,2026-07-29
94447083,2026-07-28
94470678,2026-07-28
94492167,2026-07-28
94538057,2026-07-28
94954719,2026-07-30
94956218,2026-07-29
94956798,2026-07-29
94957166,2026-07-29
94957479,2026-07-30
94958231,2026-07-29
94958903,2026-07-29
94959130,2026-07-30
94959275,2026-07-30
94960571,2026-07-27
94962760,2026-07-30
94962782,2026-07-30
98548920,2026-07-29
98551579,2026-07-30
98554458,2026-07-29
99248224,2026-07-31
99661652,2026-07-30
99856669,2026-07-31
99935192,2026-07-31
100236916,2026-07-31
100401447,2026-07-29
100448552,2026-07-31
101185278,2026-07-27
101373787,2026-07-31
101845374,2026-07-28
101959603,2026-07-29
102073783,2026-07-30
102402599,2026-07-27
102894225,2026-07-29
103066400,2026-07-28
103483952,2026-07-30
104892469,2026-07-30
104953801,2026-07-27
105446325,2026-07-31
106321320,2026-07-30
106502672,2026-07-29
107303000,2026-07-29
107303041,2026-07-27
107424447,2026-07-31
108762841,2026-07-28
109043076,2026-07-28
109189493,2026-07-28
109845799,2026-07-31
110132714,2026-07-29
110341857,2026-07-28
111335019,2026-07-27
111693571,2026-07-29
112858507,2026-07-30
113149140,2026-07-30
113694441,2026-07-30
113892509,2026-07-30
115077148,2026-07-30
115639432,2026-07-29
115821309,2026-07-30
116278096,2026-07-27
116468064,2026-07-28
116838067,2026-07-28
116948843,2026-07-27
117250764,2026-07-27
118110767,2026-07-28
118775614,2026-07-31
118851152,2026-07-30
119049454,2026-07-29
119049490,2026-07-29
119233464,2026-07-31
119312108,2026-07-28
119588971,2026-07-27
119957421,2026-07-27
119992916,2026-07-31
120431432,2026-07-29
120646912,2026-07-27
121232931,2026-07-28
123195969,2026-07-28
123460758,2026-07-29
123728705,2026-07-28
124177543,2026-07-30
125019782,2026-07-30
125612578,2026-07-28
126598528,2026-07-31
126953599,2026-07-28
130574383,2026-07-30
131315762,2026-07-27
132412160,2026-07-31
