EXPEDIA_ID,LISTING_RESIGNDATE
93537391,7/19/2024
98551094,7/19/2024
94369050,7/19/2024
94365984,7/19/2024
104455710,7/19/2024
93203935,7/19/2024
98544640,7/19/2024
100152687,7/19/2024
101220275,7/19/2024
94953135,7/19/2024
101545092,7/19/2024
100874568,7/19/2024
94956285,7/19/2024
105159314,7/19/2024
98545302,7/19/2024
106252117,7/19/2024
100100320,7/19/2024
100549911,7/19/2024
94954506,7/19/2024
105522864,7/19/2024
106692218,7/19/2024
98556263,7/22/2024
105522854,7/22/2024
94338502,7/22/2024
101254650,7/22/2024
93202336,7/22/2024
98544714,7/22/2024
94952700,7/22/2024
94531631,7/22/2024
106252110,7/22/2024
103707786,7/22/2024
99976960,7/22/2024
102656535,7/22/2024
102379509,7/22/2024
101545100,7/22/2024
98545943,7/22/2024
101986193,7/22/2024
93202282,7/22/2024
93198570,7/22/2024
106465940,7/22/2024
102319980,7/22/2024
103660384,7/22/2024
93594264,7/22/2024
94318001,7/22/2024
99914620,7/22/2024
100850046,7/22/2024
103442523,7/22/2024
98545894,7/22/2024
104041162,7/22/2024
94957352,7/22/2024
101029396,7/22/2024
93597006,7/22/2024
100127260,7/22/2024
101320974,7/22/2024
94955513,7/22/2024
100849726,7/22/2024
102433652,7/22/2024
94961688,7/22/2024
106734881,7/22/2024
104334073,7/22/2024
98898517,7/22/2024
94956653,7/22/2024
100100104,7/22/2024
94442866,7/22/2024
93596813,7/22/2024
93205455,7/22/2024
94954654,7/22/2024
93537695,7/22/2024
104212028,7/23/2024
94383781,7/23/2024
94956357,7/23/2024
106837055,7/23/2024
100850126,7/23/2024
93205840,7/23/2024
100320880,7/23/2024
105943151,7/23/2024
94958614,7/23/2024
95992953,7/23/2024
94952864,7/23/2024
94953528,7/23/2024
101254694,7/23/2024
98552405,7/23/2024
94953930,7/23/2024
94387647,7/23/2024
93532585,7/23/2024
101373754,7/23/2024
104212025,7/23/2024
104396355,7/23/2024
94955073,7/23/2024
103626847,7/23/2024
106502646,7/23/2024
100100364,7/23/2024
101545109,7/23/2024
106078212,7/23/2024
94369522,7/23/2024
94955880,7/23/2024
94521777,7/24/2024
94380579,7/24/2024
103319501,7/24/2024
93201200,7/24/2024
101081441,7/24/2024
93571063,7/24/2024
100299341,7/24/2024
98544557,7/24/2024
100850300,7/24/2024
93206667,7/24/2024
93594184,7/24/2024
104124509,7/24/2024
106917407,7/24/2024
93203106,7/24/2024
93202203,7/24/2024
103707817,7/24/2024
98544993,7/24/2024
98550757,7/24/2024
93589120,7/24/2024
94953833,7/24/2024
93589344,7/24/2024
94958498,7/24/2024
103519891,7/24/2024
103886722,7/24/2024
104020572,7/24/2024
94959522,7/24/2024
93547686,7/25/2024
106030395,7/25/2024
94355451,7/25/2024
101845351,7/25/2024
94952721,7/25/2024
104306055,7/25/2024
93546259,7/25/2024
101959664,7/25/2024
101373772,7/25/2024
98551955,7/25/2024
101373769,7/25/2024
100874610,7/25/2024
93537670,7/25/2024
94953718,7/25/2024
93561083,7/25/2024
99956443,7/25/2024
94967254,7/25/2024
100424018,7/25/2024
94965702,7/25/2024
103995448,7/25/2024
105343366,7/25/2024
105343386,7/25/2024
105343374,7/25/2024
94394784,7/25/2024
93602799,7/25/2024
104305910,7/25/2024
100850233,7/25/2024
93547868,7/25/2024
