Expedia ID,Notes
115532550,Please help remove the property from the live site
115532477,Please help remove the property from the live site
115532564,Please help remove the property from the live site
115532568,Please help remove the property from the live site
115532500,Please help remove the property from the live site
115532529,Please help remove the property from the live site
115532552,Please help remove the property from the live site
115532508,Please help remove the property from the live site
115532601,Please help remove the property from the live site
115532561,Please help remove the property from the live site
115532538,Please help remove the property from the live site
115532533,Please help remove the property from the live site
115532487,Please help remove the property from the live site
115532475,Please help remove the property from the live site
115532570,Please help remove the property from the live site
115532604,Please help remove the property from the live site
115532595,Please help remove the property from the live site
115532542,Please help remove the property from the live site
115532578,Please help remove the property from the live site
115532520,Please help remove the property from the live site
115532502,Please help remove the property from the live site
115532540,Please help remove the property from the live site
115532566,Please help remove the property from the live site
115532572,Please help remove the property from the live site
115532483,Please help remove the property from the live site
115532546,Please help remove the property from the live site
115532494,Please help remove the property from the live site
115532599,Please help remove the property from the live site
115532580,Please help remove the property from the live site
115859227,Please help remove the property from the live site
115532467,Please help remove the property from the live site
125175786,Please help remove the property from the live site
115532594,Please help remove the property from the live site
115532594,Please help remove the property from the live site
115532585,Please help remove the property from the live site
115455926,Please help remove the property from the live site
115532525,Please help remove the property from the live site
115532492,Please help remove the property from the live site
