Account ID,Managed by
119171977,0010y00001a4Y9fAAE
119171914,0010y00001a4Y9fAAE
119234452,0010y00001a4Y9fAAE
119171889,0010y00001a4Y9fAAE
119200438,0010y00001a4Y9fAAE
119171885,0010y00001a4Y9fAAE
118771090,0010y00001a4Y9fAAE
118771085,0010y00001a4Y9fAAE
118771079,0010y00001a4Y9fAAE
118771070,0010y00001a4Y9fAAE
118771086,0010y00001a4Y9fAAE
118771052,0010y00001a4Y9fAAE
118771048,0010y00001a4Y9fAAE
118771028,0010y00001a4Y9fAAE
118771026,0010y00001a4Y9fAAE
118771024,0010y00001a4Y9fAAE
118771021,0010y00001a4Y9fAAE
119171971,0010y00001a4Y9fAAE
119200441,0010y00001a4Y9fAAE
119171911,0010y00001a4Y9fAAE
119234449,0010y00001a4Y9fAAE
119234433,0010y00001a4Y9fAAE
119234460,0010y00001a4Y9fAAE
119171899,0010y00001a4Y9fAAE
119234439,0010y00001a4Y9fAAE
119200452,0010y00001a4Y9fAAE
119171765,0010y00001a4Y9fAAE
119171786,0010y00001a4Y9fAAE
119092955,0010y00001a4Y9fAAE
119143278,0010y00001a4Y9fAAE
119171882,0010y00001a4Y9fAAE
119124523,0010y00001a4Y9fAAE
119171750,0010y00001a4Y9fAAE
119143277,0010y00001a4Y9fAAE
119143279,0010y00001a4Y9fAAE
119092953,0010y00001a4Y9fAAE
119051275,0010y00001a4Y9fAAE
119124520,0010y00001a4Y9fAAE
119092948,0010y00001a4Y9fAAE
118935710,0010y00001a4Y9fAAE
118935700,0010y00001a4Y9fAAE
119018848,0010y00001a4Y9fAAE
119018878,0010y00001a4Y9fAAE
118963481,0010y00001a4Y9fAAE
119018868,0010y00001a4Y9fAAE
119018865,0010y00001a4Y9fAAE
118853164,0010y00001a4Y9fAAE
118908136,0010y00001a4Y9fAAE
118963489,0010y00001a4Y9fAAE
118771115,0010y00001a4Y9fAAE
118908145,0010y00001a4Y9fAAE
118853163,0010y00001a4Y9fAAE
118908128,0010y00001a4Y9fAAE
118771051,0010y00001a4Y9fAAE
118713047,0010y00001a4Y9fAAE
119234465,0010y00001a4Y9fAAE
119171808,0010y00001a4Y9fAAE
119171943,0010y00001a4Y9fAAE
119200433,0010y00001a4Y9fAAE
119171883,0010y00001a4Y9fAAE
119171837,0010y00001a4Y9fAAE
119171802,0010y00001a4Y9fAAE
119171827,0010y00001a4Y9fAAE
119171779,0010y00001a4Y9fAAE
119171791,0010y00001a4Y9fAAE
119143281,0010y00001a4Y9fAAE
119143266,0010y00001a4Y9fAAE
119092951,0010y00001a4Y9fAAE
119124516,0010y00001a4Y9fAAE
119092958,0010y00001a4Y9fAAE
119018863,0010y00001a4Y9fAAE
119018866,0010y00001a4Y9fAAE
119018876,0010y00001a4Y9fAAE
119018881,0010y00001a4Y9fAAE
118935707,0010y00001a4Y9fAAE
118935706,0010y00001a4Y9fAAE
118935703,0010y00001a4Y9fAAE
118908169,0010y00001a4Y9fAAE
118853187,0010y00001a4Y9fAAE
118853161,0010y00001a4Y9fAAE
118935701,0010y00001a4Y9fAAE
118908116,0010y00001a4Y9fAAE
118771092,0010y00001a4Y9fAAE
118853167,0010y00001a4Y9fAAE
118771114,0010y00001a4Y9fAAE
118811120,0010y00001a4Y9fAAE
118811113,0010y00001a4Y9fAAE
118771108,0010y00001a4Y9fAAE
118771076,0010y00001a4Y9fAAE
118771078,0010y00001a4Y9fAAE
118771054,0010y00001a4Y9fAAE
118771027,0010y00001a4Y9fAAE
118771049,0010y00001a4Y9fAAE
118771047,0010y00001a4Y9fAAE
118771008,0010y00001a4Y9fAAE
118713048,0010y00001a4Y9fAAE
118702671,0010y00001a4Y9fAAE
118702672,0010y00001a4Y9fAAE
118702673,0010y00001a4Y9fAAE
118771005,0010y00001a4Y9fAAE
118771023,0010y00001a4Y9fAAE
119200444,0010y00001a4Y9fAAE
119234437,0010y00001a4Y9fAAE
119234434,0010y00001a4Y9fAAE
119171815,0010y00001a4Y9fAAE
119171957,0010y00001a4Y9fAAE
119171904,0010y00001a4Y9fAAE
119234447,0010y00001a4Y9fAAE
119171895,0010y00001a4Y9fAAE
119143282,0010y00001a4Y9fAAE
119143280,0010y00001a4Y9fAAE
119143274,0010y00001a4Y9fAAE
119171890,0010y00001a4Y9fAAE
119077937,0010y00001a4Y9fAAE
119018880,0010y00001a4Y9fAAE
119051285,0010y00001a4Y9fAAE
118952371,0010y00001a4Y9fAAE
119018852,0010y00001a4Y9fAAE
118935709,0010y00001a4Y9fAAE
118811104,0010y00001a4Y9fAAE
118834350,0010y00001a4Y9fAAE
118811114,0010y00001a4Y9fAAE
118771113,0010y00001a4Y9fAAE
118853191,0010y00001a4Y9fAAE
118853123,0010y00001a4Y9fAAE
118811101,0010y00001a4Y9fAAE
118908141,0010y00001a4Y9fAAE
118771091,0010y00001a4Y9fAAE
118771083,0010y00001a4Y9fAAE
118771081,0010y00001a4Y9fAAE
118771069,0010y00001a4Y9fAAE
118771029,0010y00001a4Y9fAAE
118771046,0010y00001a4Y9fAAE
118771050,0010y00001a4Y9fAAE
118771025,0010y00001a4Y9fAAE
118702667,0010y00001a4Y9fAAE
118702670,0010y00001a4Y9fAAE
118713042,0010y00001a4Y9fAAE