hotel_id,listing_resigndate
93198706,5/1/26
93199242,5/1/26
93199816,5/1/26
93201777,5/4/26
93203268,5/1/26
93203404,5/1/26
93204079,5/5/26
93204094,5/6/26
93206314,4/30/26
93207674,5/6/26
93532485,5/1/26
93532615,5/1/26
93532618,5/6/26
93536822,5/1/26
93537071,4/30/26
93537355,4/30/26
93545700,5/1/26
93545893,5/6/26
93546286,4/30/26
93546430,5/4/26
93547560,4/30/26
93547739,5/6/26
93560987,5/5/26
93572888,5/1/26
93587195,5/1/26
93594313,4/30/26
93597175,5/1/26
93600659,5/1/26
94310938,4/30/26
94317740,5/5/26
94325710,4/30/26
94326928,4/30/26
94335841,5/6/26
94340033,5/5/26
94345305,5/4/26
94348978,5/4/26
94357117,4/30/26
94359877,5/4/26
94371003,5/1/26
94373655,4/30/26
94375086,5/4/26
94410030,5/1/26
94419571,4/30/26
94472229,5/5/26
94494911,5/5/26
94511603,5/5/26
94526574,5/4/26
94528238,5/4/26
94539271,5/1/26
94952333,5/4/26
94953185,4/30/26
94953377,5/1/26
94953820,5/1/26
94955071,5/1/26
94956037,5/1/26
94956452,5/1/26
94956838,5/6/26
94957457,5/1/26
94958041,5/1/26
94958808,5/6/26
94958919,5/6/26
94959125,5/4/26
94959732,5/1/26
94960444,5/5/26
94962708,5/1/26
94962826,5/5/26
98544879,5/5/26
98545508,5/4/26
98546011,5/5/26
98546078,5/6/26
98547020,5/6/26
98548715,4/30/26
98548886,5/4/26
98548892,5/4/26
98549101,5/5/26
98549696,5/1/26
98550185,4/30/26
98553118,5/4/26
98553340,5/5/26
98557710,5/6/26
99223058,5/1/26
99610457,5/1/26
99794992,5/5/26
99883877,5/6/26
99993178,5/4/26
100039623,5/5/26
100100237,4/30/26
100694686,4/30/26
100898430,5/4/26
100972292,5/6/26
101029375,4/30/26
101320949,4/30/26
101327980,5/5/26
101523081,4/30/26
102129712,5/1/26
102233962,5/1/26
102433657,5/4/26
102485843,4/30/26
102485915,5/1/26
102537885,5/4/26
102731868,5/4/26
103731153,5/5/26
104166059,5/1/26
104222862,4/30/26
104275145,5/4/26
104305583,5/4/26
104306124,5/4/26
104306135,5/4/26
104369369,4/30/26
104396333,5/1/26
105211617,5/5/26
105479920,4/30/26
105784088,5/4/26
106224815,5/6/26
106541580,5/6/26
106638470,4/30/26
106898727,5/4/26
107243622,5/1/26
107331868,5/1/26
108380531,5/5/26
108569894,5/1/26
108569895,5/1/26
108908084,5/1/26
108932511,4/30/26
108932550,5/4/26
109085927,5/6/26
109085933,5/6/26
109085944,5/1/26
109354901,5/4/26
109402320,5/5/26
110267696,5/5/26
110361657,5/4/26
110588577,5/1/26
110588617,5/4/26
110862310,4/30/26
110862317,4/30/26
110862334,4/30/26
111048844,5/4/26
111083204,5/1/26
111357307,5/1/26
111489741,5/4/26
111541253,5/6/26
111606499,5/1/26
111856566,5/1/26
111929193,5/1/26
112275770,5/4/26
112522716,5/1/26
112574590,5/1/26
112634228,5/1/26
112634273,4/30/26
112781889,5/1/26
113023118,5/1/26
113258855,5/6/26
113514640,5/4/26
113514682,5/4/26
113514750,5/4/26
113662487,5/1/26
113694578,5/4/26
113780020,5/1/26
114143258,5/4/26
114568458,4/30/26
114760704,5/4/26
114760705,5/4/26
114831444,5/1/26
114864010,5/6/26
115001382,4/30/26
115485967,5/6/26
115486014,5/6/26
115584221,5/6/26
115791375,5/4/26
115791380,5/4/26
115898375,4/30/26
116051390,5/4/26
116108998,5/1/26
116212473,5/1/26
116278094,5/4/26
116581582,5/4/26
116838103,5/4/26
116886788,5/1/26
116886790,5/1/26
116886802,5/1/26
116948866,5/4/26
117191687,5/6/26
117321556,5/1/26
117321565,4/30/26
117453165,5/1/26
117493479,5/1/26
117555258,5/1/26
117849393,5/5/26
117849394,5/5/26
117962036,5/6/26
118040209,5/5/26
118040210,5/5/26
118040305,5/5/26
118085285,4/30/26
118631025,5/4/26
118775645,4/30/26
118935300,4/30/26
119091404,5/1/26
119269415,4/30/26
119409392,5/6/26
119553067,5/5/26
119669811,5/5/26
119734063,5/5/26
119835508,4/30/26
119835515,4/30/26
119835517,4/30/26
119992869,5/4/26
120027159,5/5/26
120052984,5/5/26
120203592,5/6/26
120431321,4/30/26
120618718,5/1/26
120646913,5/1/26
120794827,4/30/26
120794851,5/5/26
120835955,5/5/26
120868558,5/6/26
120868611,5/4/26
121694490,5/5/26
121750719,5/4/26
122165437,4/30/26
122561300,5/1/26
122631683,4/30/26
122666852,5/6/26
122666863,5/6/26
122796630,5/6/26
122853848,4/30/26
122853883,5/5/26
123023881,4/30/26
123023910,5/1/26
123136379,5/1/26
123136381,5/1/26
123411886,5/1/26
123661713,5/4/26
123728789,4/30/26
123796660,5/5/26
124042830,5/5/26
124111408,5/4/26
124111511,5/6/26
124319617,5/6/26
124435668,5/6/26
124436050,5/5/26
124436053,5/5/26
124558068,4/30/26
125019909,5/4/26
125108188,4/30/26
125334414,4/30/26
125356391,5/1/26
125538751,5/5/26
125538752,5/5/26
125753333,5/6/26
125938236,5/4/26
125968083,5/6/26
125968104,5/4/26
126135101,4/30/26
126432694,5/6/26
126481948,5/1/26
126552379,4/30/26
126630807,5/5/26
127196920,4/30/26
127634519,5/4/26
127728026,5/6/26
128054956,5/4/26
128438255,5/1/26
128881898,5/5/26